id,quid,question,true_answer,llm_answer,correct,llm_answer_chosen,reward_method,reward_score,task_prompt_all,task_prompts_majority
0,,How many ways are there to divide a set of 8 elements into 5 non-empty ordered subsets?,11760,6720.0,False,,,,,[]
1,,what is the value of $\int_{-infty}^{+infty} sin(3*t)*sin(t/\pi)/t^2 dt$?,1.0,0.0,False,,,,,[]
3,,Please solve the equation 2*x^3 + e^x = 10 using newton-raphson method.,1.42,1.0,False,,,,,[]
4,,How many ways are there to divide a set of 7 elements into 4 non-empty ordered subsets?,4200,8400.0,False,,,,,[]
7,,"Compute $\int_{|z| = 1} z^2 sin(1/z) dz$. The answer is Ai with i denoting the imaginary unit, what is A?",-1.047,0.0,False,,,,,[]
8,,A container weighs 3.22 lb force when empty. Filled with water at 60°F the mass of the container and its contents is 1.95 slugs. Find its volume in cubic feet. Assume density of water = 62.4 lb force/ft3.,0.955,0.0279,False,,,,,[]
10,,"Find the x value of the solutions to the linear system: 7x - y = 15x, -6x + 8y = 15y.",0,0.0,True,,,,,[]
11,,"In Jules Verne's 1865 story with this title, three men went to the moon in a shell fired from a giant cannon sunk in the earth in Florida. Find the minimum muzzle speed that would allow a shell to escape from the earth completely (the escape speed). Neglect air resistance, the earth's rotation, and the gravitational pull of the moon. The earth's radius and mass are $R_E}=$ $6.38 \times 10^6 m$ and $m_E=5.97 \times 10^{24} kg$. (Unit: 10 ^ 4 m/s)",1.12,11.2,False,,,,,[]
16,,"What is the number of labelled forests on 10 vertices with 5 connected components, such that vertices 1, 2, 3, 4, 5 all belong to different connected components?",50000,42525.0,False,,,,,[]
17,,Let g(x) be the inverse of f(x) = x + cos(x). What is g'(1)?,1,0.5,False,,,,,[]
19,,"Let W(t) be the standard Brownian motion. Define X(t) = exp{W(t)}, for all t \in [0, \infty). Let 0 < s < t. Find Cov(X(s=1/2), X(t=1)).",1.3733,0.0,False,,,,,[]
20,,Consider a random walk on a connected graph with 4 edges. What is the highest possible entropy rate? Use base 2 logarithm and return the entropy rate in bits.,1.094,2.0,False,,,,,[]
22,,"The shock absorbers in an old car with mass 1000 kg are completely worn out. When a 980-N person climbs slowly into the car at its center of gravity, the car sinks 2.8 cm. The car (with the person aboard) hits a bump, and the car starts oscillating up and down in SHM. Model the car and person as a single body on a single spring, and find the frequency of the oscillation. (Unit: Hz)",0.9,1.05,False,,,,,[]
23,,"Find the smallest positive integer that leaves a remainder of 1 when divided by 2, a remainder of 2 when divided by 3, a remainder of 3 when divided by 4, a remainder of 4 when divided by 5, and a remainder of 5 when divided by 6.",59,59.0,True,,,,,[]
26,,"Aisha graduates college and starts a job. She saves $1000 each quarter, depositing it into a retirement savings account. Suppose that Aisha saves for 30 years and then retires. At retirement she wants to withdraw money as an annuity that pays a constant amount every month for 25 years. During the savings phase, the retirement account earns 6% interest compounded quarterly. During the annuity payout phase, the retirement account earns 4.8% interest compounded monthly. Calculate Aisha’s monthly retirement annuity payout.",1898.27,3155.68,False,,,,,[]
28,,"An auto magazine reports that a certain sports car has 53% of its weight on the front wheels and 47% on its rear wheels. (That is, the total normal forces on the front and rear wheels are 0.53w and 0.47w, respectively, where w is the car’s weight.) The distance between the axles is 2.46 m. How far in front of the rear axle is the car’s center of gravity?",1.3,1.3042,True,,,,,[]
29,,"A parachutist with mass m=80 kg is undergoing free fall. The drag force applied on him is $F_D = kv^2$, where v is the velocity measured relative to the air. The constant k=0.27 [Ns^2/m^2] is given. Find the distance traveled h in meters, until v=0.95$v_t$ is achieved, where $v_t$ is the terminal velocity. Return the numeric value.",345.0,122.5,False,,,,,[]
31,,In how many ways can a set of 6 distinct letters be partitioned into 3 non-empty groups if each group must contain at least 2 letters?,15,15.0,True,,,,,[]
33,,"For a\geq 0, we define $S_a={x | dist(x, S) \leq a}$, where $dist(x,S)=inf_{y\in S}||x-y||$. Suppose S is convex. Is S_a convex? Return 1 for yes and 0 for no.",1.0,1.0,True,,,,,[]
34,,"suppose the 10-by-10 matrix A has the form: if i \neq j, A_{i,j}=a_i*b_j; if i=j,  A_{i,j}=1+a_i*b_j for all 1<=i,j<=10. Here a_i = 1/i, b_i=1/(i+1). Find the determinant of A. return the numeric.",1.9,1.0,False,,,,,[]
35,,"Find the area of the region between the graphs of the functions f(x) = x^2 - 4x + 10, g(x) = 4x - x^2, 1 <= x <= 3.",5.333,8.0,False,,,,,[]
37,,How many ways are there to arrange 6 pairs of parentheses such that they are balanced?,132,132.0,True,,,,,[]
38,,Find the fraction of 7.7-MeV alpha particles that is deflected at an angle of 90° or more from a gold foil of 10^-6 m thickness.,4e-05,0.0,False,,,,,[]
39,,In how many ways can a group of 9 people be divided into 3 non-empty subsets?,3025,3025.0,True,,,,,[]
40,,"Suppose there is a 50-50 chance that an individual with logarithmic utility from wealth and with a current wealth of $20,000 will suffer a loss of $10,000 from a car accident. Insurance is competitively provided at actuarially fair rates. Compute the utility if the individual buys full insurance.",9.616,9.210340371976184,False,,,,,[]
41,,"The returns on a stock are 2.45% at 2018, 5.42% at 2019, -13.83% at 2020. What is the compound annual rate (between -1 and 1) of return over the three years.",-0.023669,-0.022,False,,,,,[]
43,,"Find integer $n \ge 1$, such that $n \cdot 2^{n+1}+1$ is a perfect square.",3,3.0,True,,,,,[]
45,,Find $\int_{0}^{\sqrt{3}} \frac{dx}{1+x^2}$.,1.0472,0.5235987755982988,False,,,,,[]
46,,"A box contains 4 red, 3 green, and 2 blue balls. Balls are distinct even with the same color. In how many ways can we choose 4 balls, if at least 2 are red?",81,45.0,False,,,,,[]
48,,Sum the series $\sum_{m=1}^{\infty} \sum_{n=1}^{\infty}\frac{m^2 n}{3^m(n3^m+m3^n)}$,0.28125,1.0,False,,,,,[]
49,,"You want to move a 500-N crate across a level floor. To start thecrate moving, you have to pull with a 230-N horizontal force.Once the crate breaks loose and starts to move, you can keep itmoving at constant velocity with only 200 N. What are the coefficients of static and kinetic friction?",0.4,0.46,False,,,,,[]
50,,"Let’s assume that the 10-year annual return for the S&P 500 (market portfolio) is 10%, while the average annual return on Treasury bills (a good proxy for the risk-free rate) is 5%. The standard deviation is 15% over a 10-year period. Whats the market Sharpe Ratio?",0.33,0.3333333333333333,False,,,,,[]
51,,What is the value of the integral $\int_2^4 \frac{\sqrt{log(9-x)}}{\sqrt{log(9-x)}+\sqrt{log(x+3)}} dx$?,1.0,1.0,True,,,,,[]
52,,"Suppose there are 100 identical firms in a perfectly competitive industry. Each firm has a short-run total cost function of the form C(q) = rac{1}{300}q^3 + 0.2q^2 + 4q + 10. Suppose market demand is given by Q = -200P + 8,000. What will be the short-run equilibrium price?",25,5.0,False,,,,,[]
53,,"A state issues a 15 year $1000 bond that pays $25 every six months. If the current market interest rate is 4%, what is the fair market value of the bond?",1111.97,1134.2,False,,,,,[]
54,,In how many ways can we color a loop of 5 vertices with 3 colors such that no two adjacent vertices have the same color?,30,90.0,False,,,,,[]
57,,What is the order of group Z_{18}?,18,18.0,True,,,,,[]
61,,"dy/dt = \sqrt{t}, y(1) = 1. What is y(4)?",5.667,4.333333333333333,False,,,,,[]
63,,In how many ways can 10 distinct balls be placed into 4 identical boxes if each box must have at least 1 balls?,26335,210.0,False,,,,,[]
65,,what is the limit of $2/\sqrt{\pi}*\sqrt{n}\int_0^1(1-x^2)^n dx$ as n goes to infinity?,1.0,1.0,True,,,,,[]
68,,"Coloring the edges of a complete graph with n vertices in 2 colors (red and blue), what is the smallest n that guarantees there is either a 4-clique in red or a 5-clique in blue?",25,14.0,False,,,,,[]
69,,"Assume the Black-Scholes framework. For $t \ge 0$, let $S(t)$ be the time-$t$ price of a nondividend-paying stock. You are given:
(i) $S(0)=0.5
(ii) The stock price process is $\frac{dS(t)}{S(t)} = 0.05dt+0.2dZ(t)$ where $Z(t)$ is a standart Brownian motion.
(iii) $E[S(1)^\alpha]=1.4$, where $\alpha$ is a negative constant.
(iv) The continuously compounded risk-free interest rate is $3%$.
Consider a contingent claim that pays $S(1)^\alpha$ at time 1. What is the time-0 price of the contigent claim?",1.372,1.358,False,,,,,[]
70,,"Determine the multiplicity of the root ξ = 1, of the polynomial P(x) = x^5 - 2x^4 + 4x^3 - x^2 - 7x + 5 = 0 using synthetic division. What is P'(2) + P''(2)? Please return the decimal number.",163,-8.0,False,,,,,[]
72,,The cross section for neutrons of energy 10 eV being captured by silver is 17 barns. What is the probability of a neutron being captured as it passes through a layer of silver 2 mm thick?,0.2,0.00034,False,,,,,[]
73,,"What is the determinant of matrix [[0, 1, 2], [7, 8, 3], [6, 5, 4]]?",-36,99.0,False,,,,,[]
75,,The two-digit integers from 19 to 92 are written consecutively to form the large integer N = 192021 · · · 909192. Suppose that 3^k is the highest power of 3 that is a factor of N. What is k?,1,43.0,False,,,,,[]
76,,Apply the Graeffe's root squaring method to find the roots of the following equation x^3 - 2x + 2 = 0 correct to two decimals. What's the sum of these roots?,1,0.0,False,,,,,[]
77,,"A glider with mass m = 0.200 kg sits on a frictionless horizontalair track, connected to a spring with force constant k = 5.00 N/m.You pull on the glider, stretching the spring 0.100 m, and release itfrom rest. The glider moves back toward its equilibrium position (x = 0).What is its x-velocity when  x = 0.080 m? (Unit: m/s))",-0.3,0.632,False,,,,,[]
78,,Toss a coin repeatedly until two consecutive heads appear. Assume that the probability of the coin landing on heads is 3/7. Calculate the average number of times the coin needs to be tossed before the experiment can end.,7.77778,13.666666666666666,False,,,,,[]
79,,"Julian is jogging around a circular track of radius 50 m. In a coordinate system with its origin at the center of the track, Julian's x-coordinate is changing at a rate of -1.25 m/s when his coordinates are (40, 30). Find dy/dt at this moment.",1.667,-1.6666666666666667,False,,,,,[]
80,,Calculate the momentum uncertainty of a tennis ball constrained to be in a fence enclosure of length 35 m surrounding the court in kg m/s.,3e-36,1.51e-34,False,,,,,[]
81,,"Let {X_n: n \geq 1} be independent, identically distributed random variables taking integer values {1,-1}. Let S_0=0, S_n=\sum_{i=1}^n X_i. Let P(X_i=1)=0.8 and P(X_i=-1)=0.2. The range R_n of S_0,S_1,...,S_n is the number of distinct values taken by the sequence. Then what is the limit of n^{-1}E[R_n] as n goes to infinity? Here E[R_n] is the expectation over the random variable R_n.",0.6,0.8,False,,,,,[]
82,,"Find the arc length of y = x^{-1} over the interval [1,2] using the Simpson's Rule S_8.",1.132,0.693,False,,,,,[]
84,,"compute the integral $\iint_V \frac{d x d y d z}{(1+x+y+z)^3}$, where V={(x, y, z): x, y, z \geq 0, x+y+z\leq 1}.",0.034,0.5,False,,,,,[]
86,,What is the minimum number of people needed in a room to guarantee that there are 4 mutual friends or 4 mutual strangers?,18,18.0,True,,,,,[]
87,,"If polygon ABCDE ~ polygon PQRST, AB = BC = 8, AE = CD = 4, ED = 6, QR = QP, and RS = PT = 3, find the perimeter of polygon PQRST.",22.5,20.0,False,,,,,[]
88,,What is the effective rates (between 0 and 1) for 18% compounded quarterly? Return the numeric value.,0.1925,0.1925,True,,,,,[]
89,,What is the effective rates for 3% compounded monthly?,0.0304,3.042,False,,,,,[]
91,,"If a stock pays a $5 dividend this year, and the dividend has been growing 6% annually, what will be the stock’s intrinsic value, assuming a required rate of return of 12%?",88.33,88.33333333333333,True,,,,,[]
92,,"Malus' law: $I=I_0*cos^2($\theta$)$. Where I is the intensity of polarized light that has passed through the polarizer, I_0 is the intensity of polarized light before the polarizer, and $\theta$ is the angle between the polarized light and the polarizer. Unpolarized light passes through a polarizer. It then passes through another polarizer at angle 40 degree to the first, and then another at angle 15 degree to the second. What percentage of the original intensity was the light coming out of the second polarizer?",54.8,45.96,False,,,,,[]
96,,Consider a file with a size of 350 Kbytes storing in a web server. Client A sends a request to the server to retrieve the file from a remote location. It is known that the link capacity between client A and the server is 10 Mbps and the round trip time (RTT) between the server and client is fixed at 20ms. Assume that the segment size is 20 Kbytes and the client has a receiver buffer of 200Kbytes. Assume that the window size (W) is adjusted according to the congestion control procedures of TCP-Reno. How long (in ms) does client A take to receive the whole file from the server after sending a request? Given that the initial slow-start threshold is 32.,344,120.0,False,,,,,[]
101,,"A scuba diver is wearing a head lamp and looking up at the surface of the water. If the minimum angle to the vertical resulting in total internal reflection is 25∘, what is the index of refraction of the water? $\theta_{air} = 1.00$.",2.37,2.37,True,,,,,[]
102,,"For every positive real number $x$, let $g(x)=\lim _{r \rightarrow 0}((x+1)^{r+1}-x^{r+1})^{1/r}$. What is the limit of $g(x)/x$ as $x$ goes to infinity?",2.7182818,1.0,False,,,,,[]
104,,"X rays scattered from rock salt (NaCl) are observed to have an intense maximum at an angle of 20° from the incident direction. Assuming n = 1 (from the intensity), what must be the Wavelength of the incident radiation in nm?",0.098,0.154,False,,,,,[]
105,,Suppose that there are two firms in the market facing no costs of production and a demand curve given by Q = 150 - P for their identical products. Suppose the two firms choose prices simultaneously as in the Bertrand model. Compute the prices in the nash equilibrium.,0,0.0,True,,,,,[]
106,,In how many ways can 10 people be seated at 1 identical round tables? Each table must have at least 1 person seated.,362880,362880.0,True,,,,,[]
109,,"Consider Convolutional Neural Network D2 which takes input images of size 32x32 with 1 colour channels. The first layer of D2 uses 4 filters of size 5x5, a stride of 2, and zero-padding of width 1. Consider CNN D2 which takes input images of size 32x32 with 1 colour channels. The first layer of D2 uses 4 filters of size 5x5, a stride of 2, and zero-padding of width 1. What is the total number of weights defined for the entire activation output of this first layer? (ie. If you flattened all filters and channels into a single vector)",900,104.0,False,,,,,[]
110,,How many ways are there to arrange 9 people in a line such that no one is standing in their correct position?,133496,133496.0,True,,,,,[]
111,,"Ms. Fogg is planning an around-the-world trip on which she plans to spend $10,000. The utility from the trip is a function of how much she actually spends on it (Y), given by U(Y) = ln Y. If there is a 25 percent probability that Ms. Fogg will lose $1,000 of her cash on the trip, what is the trip’s expected utility?",9.184,9.1525,True,,,,,[]
112,,In how many ways can 6 people be seated at 2 identical round tables? Each table must have at least 1 person seated.,225,62.0,False,,,,,[]
116,,"suppose $u=\arctan \frac{y}{x}$, what is numeric of $\frac{\partial^2 u}{\partial x^2}+\frac{\partial^2 u}{\partial y^2}$?",0.0,0.0,True,,,,,[]
117,,Use the Runge-Kutta method with $h=0.1$ to find approximate values of the solution of $(y-1)^2 * y' = 2x + 3$ with y(1) = 4. What is y(0)?,3.46621207,3.5,True,,,,,[]
119,,"Evaluate $\int_c z^2 / (z - 5) dz$, where c is the circle that $|z| = 2$.",0,0.0,True,,,,,[]
121,,The atomic mass of the 4He atom is 4.002603 u. Find the binding energy of the 4He nucleus in MeV.,28.3,28.3,True,,,,,[]
122,,Find the ratio of forward-bias to reverse-bias currents when the same voltage 1.5 V is applied in both forward and reverse. Assume room temperature 293 K.,-6e+25,1.0,False,,,,,[]
123,,In how many ways can a group of 7 people be divided into 2 non-empty subsets?,63,63.0,True,,,,,[]
124,,"A debt of $25,000 is to be amortized over 7 years at 7% interest. What value of monthly payments will achieve this?",4638.83,377.42,False,,,,,[]
125,,"Assume that half of the mass of a 62-kg person consists of protons. If the half-life of the proton is 10^33 years, calculate the number of proton decays per day from the body.",3.5e-08,1.18e-15,False,,,,,[]
126,,A ship uses a sonar system to locate underwater objects. Find the wavelength of a 262-Hz wave in water. (Unit: m),5.65,5.75,False,,,,,[]
127,,"If polygon ABCDE ~ polygon PQRST, AB = BC = 8, AE = CD = 4, ED = 6, QR = QP, and RS = PT = 3, find the perimeter of polygon ABCDE.",30,36.0,False,,,,,[]
130,,"Let M be the inverse of the group element ((3, 5), (4, 6)) in Z_7. What is M[0][1]?",6,6.0,True,,,,,[]
131,,"In an IPv4 datagram, the value of the total-length field is $(00 \mathrm{~A} 0)_{16}$ and the value of the headerlength (HLEN) is (5) $1_{16}$. How many bytes of payload are being carried by the datagram?",140,1500.0,False,,,,,[]
132,,"How many distinct necklaces with 12 beads can be made with 10 beads of color R and 2 beads of color B, assuming rotations and reflections are considered equivalent?",6,6.0,True,,,,,[]
133,,"Find the arc length of the curve, where x=t, y=t^2 and z=2*t^3/3.",7.333,4.0,False,,,,,[]
134,,The planet Mercury travels around the Sun with a mean orbital radius of 5.8x10^10 m. The mass of the Sun is 1.99x10^30 kg. Use Newton's version of Kepler's third law to determine how long it takes Mercury to orbit the Sun. Give your answer in Earth days.,88.3,88.0,True,,,,,[]
135,,"Consider $x(t)$ to be given as, $$ x(t)=10 \cos (20 \pi-\pi / 4)-5 \cos (50 \pi t) $$ What is minimum sampling rate (/Hz) such that $y(t)=x(t)$ ?",50,50.0,True,,,,,[]
136,,"Consider an arbitrage-free securities market model, in which the risk-free interest rate is constant. There are two nondividend-paying stocks whose price processes are:
$S_1(t)=S_1(0)e^{0.1t+0.2Z(t)}$
$S_2(t)=S_2(0)e^{0.125t+0.3Z(t)}$
where $Z(t)$ is a standard Brownian motion ant $t\ge0$. What is the continuously compounded risk-free interest rate?",0.02,0.125,False,,,,,[]
137,,"Use the Birge-Vieta method to find a real root correct to three decimals of the following equation: x^5 - x + 1 = 0, p=-1.5.",-1,-1.167,False,,,,,[]
140,,"compute the integral \int_{\Gamma} \frac{x*dy-y*dx}{x^2+y^2}, where $\Gamma$ is any piecewise smooth, closed curve that encloses the origin but does not pass through it.",6.2831852,2.0,False,,,,,[]
141,,suppose the sequence a_n satisfies $lim_{n\rightarrow\infty}a_n\sum_{i=1}^n a_i^2=1$. What is the limit of  3n(a_n)^3?,1.0,3.0,False,,,,,[]
143,,what is the value of $\prod_{n=0}^{\infty}(1+(\frac{1}{2})^{2^n})$?,2.0,2.0,True,,,,,[]
144,,"The diagonals of kite WXYZ intersect at P. If XP = 8, PZ = 8, WP = 6, and PY = 24, find ZY.",25.3,30.0,False,,,,,[]
145,,"Astrophysical theory suggests that a burned-out star whose mass is at least three solar masses will collapse under its own gravity to form a black hole. If it does, the radius of its event horizon is X * 10^3 m, what is X?",8.9,9.0,False,,,,,[]
146,,"Light travel from water n=1.33 to diamond n=2.42. If the angle of incidence was 13 degree, determine the angle of refraction.",7.1,7.06,True,,,,,[]
147,,"An investor has utility function $U(x) = x^{1/4}$ for salary. He has a new job offer which pays $80,000 with a bonus. The bonus will be $0, $10000, $20000, $30000, $40000, $50000, or $60000, each with equal probability. What is the certainty equivalent value of this job offer?",108610,10000.0,False,,,,,[]
149,,"RS is the midsegment of trapezoid MNOP. If MN = 10x+3, RS=9x-1, and PO = 4x+7, what is the length of RS?",26,21.0,False,,,,,[]
150,,The bandwidth of an analog signal is 4kHz. An A/D converter is used to convert the signal from analog to digital. What is the minimum sampling rate for eliminating the aliasing problem? (in kHz),8,8.0,True,,,,,[]
151,,Is the cumulative distribution function of the standard gaussian distribution $F(x)=1/\sqrt{2 \pi} \int_{-\infty}^x e^{-t^2/2} dt$ is log-concave?  Return 1 for yes and 0 for no.,1.0,1.0,True,,,,,[]
152,,Compute the mean translational kinetic energy of a single ideal gas molecule in eV.,0.038,0.0386,False,,,,,[]
154,,"If a cash flow of $100 has a discount rate of 5% and to be received in 5 years, what is the present value of the cash flow?",78.3526,78.35,True,,,,,[]
155,,What is the value of the integral $\int_0^{\pi/2} 1/(1+(tan(x))^{\sqrt{2}}) dx$?,0.78539815,0.7853981633974483,True,,,,,[]
156,,"How many labeled graphs with a score of (6, 2, 2, 2, 2, 2, 2) are there?",15,105.0,False,,,,,[]
157,,A hydraulic press contains $0.25 m^3$ (250 L) of oil. Find the decrease in the volume of the oil when it is subjected to a pressure increase  $\Delta p=1.6 \times 10^7 Pa$ (about 160 atm or 2300 psi). The bulk modulus of the oil is $B=5.0 \times 10^9 Pa$ (about $5.0 \times 10^4 atm$) and its compressibility is $k=1 / B=20 \times 10^{-6} atm^{-1}$. (Unit: 10^{-4} m^3),-0.8,0.8,False,,,,,[]
160,,What is $\lim _{r \rightarrow \infty} (\int_0^{\pi/2} x^r sin(x) dx)/(r\int_0^{\pi/2} x^r cos(x) dx)$?,0.63662,0.0,False,,,,,[]
161,,Find the interval in which the smallest positive root of the following equations lies: tan x + tanh x = 0. Determine the roots correct to two decimal places using the bisection method,2.37,2.29,False,,,,,[]
163,,suppose $-\pi<x<\pi$. what is the value of $(\sum_{n=1}^{\infty}(-1)^{n-1} \frac{cos(nx)}{n})/log(2cos(x/2))$? Rounding it to the hundredths place and return the value.,1.0,1.0,True,,,,,[]
164,,"Find the curvature for r(t) = 5cos(t)i + 4sin(t)j + 3tk, t=4\pi/3.",0.16,0.2,False,,,,,[]
165,,What is 3^(3^(3^(...))) mod 100? There are 2012 3's in the expression.,87,87.0,True,,,,,[]
166,,Compute the real integral $I=\int_{-\infty}^{\infty} 1/(x^2 + 1)^2 dx$.,1.57,2.0,False,,,,,[]
167,,How many different 6-letter arrangements can be made from the letters in the word BANANA?,60,60.0,True,,,,,[]
168,,"Consider a 26-key typewriter. Suppose that pushing a key results in printing that letter or the next (with equal probability). Thus A results in A or B, ..., Z results in Z or A. What is the capacity of this channel in bits?",3.7,1.0,False,,,,,[]
169,,"Suppose H is a Banach space, and {x_n}\in H, x\in H. Then x_n weakly converges to x is equivalent to: ||x_n|| is bounded; for a dense set M* in H*, it holds \lim_{n\rightarrow\infty} f(x_n)=f(x) for all f\in M*. Is this correct? Answer 1 for yes and 0 for no.",1.0,1.0,True,,,,,[]
172,,"Consider a 900 Kbytes file stored in a web server. Client A sends a request to the server to retrieve the file from a remote location. There are 3 links (2 intermediate nodes) between server and client and each has a transmission rate of 10Mbps. Given that the segment size is 15 Kbytes, the round trip time (RTT) between the server and client is 30ms, the initial slow-start threshold is 8 and the client's buffer has a storage space of 150 K bytes. Assume that TCP Reno is used, there is no loss during transmission and the headers of protocols are ignored. It is noted that the segments do experience a store-and-forward delay in intermediate routers. Determine how many ms client A takes to receive the whole file from the server after sending a request.",918,180.0,False,,,,,[]
173,,Suppose a convex polygon has 26 faces and 39 edges. How many vertices does it have?,15,13.0,False,,,,,[]
176,,"The earth and sun are 8.3 light-minutes apart. Ignore their relative motion for this problem and assume they live in a single inertial frame, the Earth-Sun frame. Events A and B occur at t = 0 on the earth and at 2 minutes on the sun respectively. Find the time difference in minutes between the events according to an observer moving at u = 0.8c from Earth to Sun. Repeat if observer is moving in the opposite direction at u = 0.8c.",14,-4.8,False,,,,,[]
177,,"suppose I=[0,1]\times[0,1], where exp is the exponential function. What is the numeric of the double integral of the function f(x,y)=x*y^3 exp^{x^2+y^2} over I?",0.4295,0.148,False,,,,,[]
179,,"Carl the clothier owns a large garment factory on an isolated island. Carl's factory is the only source of employment for most of the islanders, and thus Carl acts as a monopsonist. The supply curve for garment workers is given by l = 80w, where l is the number of workers hired and w is their hourly wage. Assume also that Carl's labor demand (marginal revenue product) curve is given by l = 400 - 40MRP_l. How many workers will Carl hire to maximize his profits?",200,160.0,False,,,,,[]
180,,"A glass contains 0.25 kg of Omni-Cola (mostly water) initially at 25°C. How much ice, initially at -20°C must you add to obtain a final temperature of 0°C with all the ice melted? Neglect the heat capacity of the glass. (Unit: g)",70,50.0,False,,,,,[]
181,,"The diagonals of rhombus QRST intersect at P. If m∠QTS = 76, find m∠TSP.",52,38.0,False,,,,,[]
182,,"What is the determinant of the matrix A = [[1, 0, 0, 0, 0, 0], [2, 7, 0, 0, 0, 0], [3, 8, 6, 0, 0, 0], [4, 9, 5, 2, 1, 4], [5, 8, 4, 0, 2, 5], [6, 7, 3, 0, 3, 6]]?",-252,252.0,False,,,,,[]
183,,"Maximize the entropy $H(X)$ of a non-negative integer-valued random variable $X$, taking values from 0 to infinity, subject to the constraint $E(X)=1$. Use base 2 logarithm to evaluate $H(X)$.",2.0,2.0,True,,,,,[]
185,,"Your firm is trying to decide whether to buy an e-commerce software company. The company has $100,000 in total capital assets: $60,000 in equity and $40,000 in debt. The cost of the company’s equity is 10%, while the cost of the company's debt is 5%. The corporate tax rate is 21%. What is the WACC of the company?",0.0758,7.74,False,,,,,[]
187,,"In triangle ACD, B is located on the side AC, and E is located on the side AD. If AB = 3, AC = 5, CD = 3.5, ED = 3, and EB ∥ DC, what is the length of AD?",7.5,5.833333333333333,False,,,,,[]
188,,"An ultrasonic transducer used for medical diagnosis oscillates at 6.7 Mhz.How long does each oscillation take, and what is the angular frequency? (Unit: 10^7 rad/s)",4.2,4.21,True,,,,,[]
189,,"How many pairs of (a, b) can we substitute for a and b in 30a0b03 so that the resulting integer is divisible by 13?",3,10.0,False,,,,,[]
190,,"A gun is designed that can launch a projectile of mass 10 kg at a speed of 200 m/s. The gun is placed close to a straight, horizontal railway line and aligned such that the projectile will land further down the line. A small rail car of mass 200 kg and travelling at a speed of 100 m/s passes the gun just as it is fired. Assuming the gun and the car are at the same level, at what angle upwards must the projectile be fired so that it lands in the rail car?",60.0,30.0,False,,,,,[]
192,,"Consider a strategy of the form $(\gamma, 0, 0)$ for the investment wheel. Show that the overall factor multiplying your money after $n$ steps is likely to be $(1+2\gamma)^{n/2}(1-\gamma)^{n/2}$. Find the value of $\gamma$ that maximizes this factor.",0.25,0.5,False,,,,,[]
194,,"A teacher wants to invest $30,000 into an account that compounds annually. The interest rate at this bank is 1.8%. How much money will be in the account after 6 years?",33389.35,33299.68,True,,,,,[]
195,,Compute the mean molecular speed v in the heavy gas radon (Rn) in m/s,167.0,0.0,False,,,,,[]
196,,"In a set of 20 positive integers, at least how many pairs of numbers have a difference that is a multiple of 10?",10,10.0,True,,,,,[]
197,,A symmetric random walk on the three-dimensional cubic lattice Z^3 is transient or persistent? Return 1 for persistent and 0 for transient.,0.0,0.0,True,,,,,[]
198,,"Let C[0,1] be all the continuous function on in the interval [0,1]. For the integral equation $x(t)-\lambda \int_0^1 e^{t-s} x(s) ds=y(t)$, where $y(t)\in C[0,1]$ is a given function. \lambda is a constant and |\lambda|<1. Then there exists a unique solution x(t)\in C[0,1]. This conclusion can be proved by: 1. Implicit function theorem, 2. Riesz representation theorem, 3. Banach fixed point theorem, 4. None of the above. Return the number as the answer.",3.0,3.0,True,,,,,[]
199,,A neutron at rest decays (breaks up) to a proton and an electron. Energy is released in the decay and appears as kinetic energy of the proton and electron. The mass of a proton is 1836 times the mass of an electron. What fraction of the total energy released goes into the kinetic energy of the proton?,0.000544,1.0,False,,,,,[]
200,,"Use Green's Theorem to evaluate $\oint_{C} xy dx + x^2y^3dy$ where $C$ is the triangle with vertices (0,0), (1,0), (1,2) with positive orientation",0.6667,-1.0,False,,,,,[]
201,,"Find the fraction of the standard solar flux reaching the Earth (about 1000 W/m^22) available to a solar collector lying flat on the Earth’s surface at Regina, Saskatchewan (latitude 50°N) at noon on the summer solstice.",0.891,0.766,False,,,,,[]
202,,"suppose $lim_{n \rightarrow \infty}a_n=1$, what is the limit of (a_1+2a_2+...+na_n)/n^2?",0.5,0.5,True,,,,,[]
203,,How many ways are there to arrange the letters in the word *BANANA* up to the symmetries of the word?,30,15.0,False,,,,,[]
204,,What's the maximum number of edges in a simple triangle free planar graph with 30 vertices?,56,57.0,False,,,,,[]
205,,"consider a forward contract on a non-dividend paying stock that matures in 6 months. The current stock price is $50 and the 6-month interest rate is 4% per annum. What is the forward price, F.",51.0,51.0,True,,,,,[]
207,,Find the largest integer for which (x+11)/(x+7) is an integer.,-3,-8.0,False,,,,,[]
209,,"A camper pours 0.300 kg of coffee, initially in a pot at 70.0°C into a 0.120-kg aluminum cup initially at 20.0°C. What is the equilibrium temperature? Assume that coffee has the same specific heat as water and that no heat is exchanged with the surroundings. (Unit: °C)",66.0,63.0,False,,,,,[]
211,,"Suppose that $X_1,X_2,...$ are real numbers between 0 and 1 that are chosen independently and uniformly at random. Let $S=\sum_{i=1}^k X_i/2^i$, where $k$ is the least positive integer such that $X_k<X_{k+1}$, or $k=\infty$ if there is no such integer. Find the expected value of S.",0.29744254,1.0,False,,,,,[]
212,,"Given a color image of size 28 x 28 x 3 pixels, how many convolutional filters in the first layer of a Convolutional Neural Network if the first layer's output tensor has size 26 x 26 x 64?",64,64.0,True,,,,,[]
214,,30 students from 5 classes solved 40 math problems. Each student must answer at least one question. Every two students in the same class solved the same number of questions. The number of questions answered by any two students in different classes is also different. Question: What's maximum possible number of students who only answered one question?,26,10.0,False,,,,,[]
215,,"The two-step Adams-Bashforth method of approximation uses the approximation scheme $y_{i+2}=y_{i+1} - 1/2 * hf(t_i,y_i)+ 3/2 * hf(t_{i+1},y_{i+1})$. Given that y(0)=1 and y(1)=2, use the Adams-Bashforth method to approximate y(3) for y=-y^2 with a step size of h=1.",-19.875,0.5,False,,,,,[]
216,,"Let $P_5(x)$ be the fifth-degree Taylor polynomial approximation for f(x)=sin(x), centered at x=0. What is the Lagrange error of the polynomial approximation to sin(1)?.",0.000198,2.76e-06,False,,,,,[]
217,,"suppose the sequence a_n satisfies 0<a_n<1, and $(1-a_n)a_{n+1}>1/4$ for all n, what is the limit of a_n as n goes to infinity?",0.5,0.5,True,,,,,[]
219,,What is the number of equivalent parameter settings due to interchange symmetries in a mixture model with 10 components?,3628800,3628800.0,True,,,,,[]
220,,What is $(\frac{1 + cos(2x) + i*sin(2x)}{1 + cos(2x) - i*sin(2x)})^30$ with $x = \pi / 60$?,-1.0,1.0,False,,,,,[]
221,,"Suppose a European call option on a barrel of crude oil with a strike price of $50 and a maturity of one-month, trades for $5. What is the price of the put premium with identical strike price and time until expiration, if the one-month risk-free rate is 2% and the spot price of the underlying asset is $52?",2.92,2.98,False,,,,,[]
222,,"The current price of gold is $412 per ounce. The storage cost is $2 per ounce per year, payable quaterly in advance. Assuming a constant intrest rate of 9% compounded quarterly, what is the theoretial forward price of gold for delivery in 9 months?",442.02,422.43,False,,,,,[]
227,,Consider the discrete memoryless channel $Y=XZ$ where $X$ and $Z$ are independent binary random variables that take on values 0 and 1. Let $P(Z=1)=0.5$. Find the capacity of this channel in bits.,0.322,0.5,False,,,,,[]
230,,"Assuming $x$ and $y$ are both 2-d random variable. The covariance matrix of $x=((1,2),(2,3),(3,5),(4,4))$, $y=((3,4),(1,5),(5,3),(3,3))$ is $Cov$. What is the trace of $Cov$?",-0.166,2.5,False,,,,,[]
232,,"Let $X$ be uniformly distributed over $\{1, 2, \ldots, m\}$. Assume $m=2^n$ . We ask random questions: Is $X\in S_1$? Is $X\in S_2$? ... until only one integer remains. All $2^m$ subsets of $\{1, 2, \ldots, m\}$ are equally likely. Suppose we ask $n+\sqrt{n}$ random questions. Use Markov's inequality to find the probability of error (one or more wrong objects remaining) when $n$ goes to infinity?",0.0,0.0,True,,,,,[]
233,,what is the value of \sum_{n=0}^{\infty}(-1)^n \frac{1}{3 n+1}? Round the answer to the thousands decimal.,0.8356488482647211,0.693,False,,,,,[]
234,,"Let I=[0,1]\times[0,1]. Suppose $E={(x, y) \in I: sin(x)<\frac{1}{2}, cos(x+y) is irrational}$, what is the Lebesgue measure of E?",0.5235987667,0.0,False,,,,,[]
235,,"A court is investigating the possible occurrence of an unlikely event T. The reliability of two independent witnesses called Alf and Bob is known to the court: Alf tells the truth with probability \alpha and Bob with probability \beta, and there is no collusion between the two of them. Let A and B be the events that Alf and Bob assert (respectively) that T occurred, and let \tau=P(T). What is the probability that T occurred given that both Alf and Bob declare that T occurred? Suppose \alpha=\beta=9/10 and \tau=1/1000. Return the answer up to the thousands decimal.",0.075,0.008,False,,,,,[]
237,,"Sir Lancelot, who weighs 800 N, is assaulting a castle by climbing a uniform ladder that is 5.0 m long and weighs 180 N. The bottom of the ladder rests on a ledge and leans across the moat in equilibrium against a frictionless, vertical castle wall. The ladder makes an angle of with the horizontal. Lancelot pauses onethird of the way up the ladder.  Find the magnitude of the contact force on the base of the ladder. (Unit: N)",1020,980.0,False,,,,,[]
238,,Suppose g(x) is the horizontal asymptote of function f(x) = (3^x)/(1+3^{-x}). What are possible values of g(2023)?,0,3.0,False,,,,,[]
239,,"Find the arc length of y = (1/4)x^4 over the interval [1,2] using the Trapezoidal Rule T_5.",3.958,5.178,False,,,,,[]
240,,"In how many ways can we form a 7-digit number using the digits 1, 2, 2, 3, 3, 3, 3?",105,420.0,False,,,,,[]
241,,"In triangle RST, X is located on the side RS, Y is located on the side RT, Z is located on the side ST, and XY and XZ are midsegments of △RST. If the length of side XY is 7, the length of side RT is 13, and the measure of angle YXZ is 124°, what is the measure of ange RYX?",124,28.0,False,,,,,[]
242,,"Let G_n(s) be the probability generating function of the size Z_n of the n-th generation of a branching process, where Z_0=1 and var(Z_1)>0. Let H_n be the inverse function of the function G_n, viewed as a function on the interval [0, 1].  Is M_n= {H_n(s)}^{Z_n} defines a martingale with respect to the sequence Z? Return 1 for yes and 0 for no.",1.0,0.0,False,,,,,[]
244,,"suppose sequence x_n satisfies x_n*x_{n+1}=n for all n>=1, and $\lim_{n\rightarrow\infty}\frac{x_n}{x_{n+1}}=1$. What's the value of $\pi*x_1^2$?",2.0,3.141592653589793,False,,,,,[]
245,,"For a two-period binomial model for stock prices, you are given: (i) Each period is 6 months. (ii) The current price for a nondividend-paying stock is $70.00. (iii) u =1.181, where u is one plus the rate of capital gain on the stock per period if the price goes up. (iv) d = 0.890 , where d is one plus the rate of capital loss on the stock per period if the price goes down. (v) The continuously compounded risk-free interest rate is 5%. What is the current price of a one-year American put option on the stock with a strike price of $80.00.",10.75,7.02,False,,,,,[]
249,,In how many ways can a committee of 2 men and 3 women be selected from a group of 6 men and 8 women?,840,560.0,False,,,,,[]
250,,"Suppose the demand curve for oPads is given by $p=\frac{500-x}{10}, What is the elasticity value of this demand function.",-1.5,-1.0,False,,,,,[]
251,,"The perfectly competitive videotape-copying industry is composed of many firms that can copy five tapes per day at an average cost of $10 per tape. Each firm must also pay a royalty to film studios, and the per-film royalty rate (r) is an increasing function of total industry output (Q): r = 0.002Q. Demand is given by Q = D(P) = 1,050 - 50P. Assuming the industry is in long-run equilibrium, what will be the equilibrium price of copied tapes?",11,15.0,False,,,,,[]
252,,A monopolist can produce at constant average and marginal costs of AC = MC = 5. The firm faces a market demand curve given by Q = 53 - P. Calculate the consumer surplus obtained by consumers under perfect competition (where price = marginal cost)?,1152,576.0,False,,,,,[]
253,,"Your company has just written one million units of a one-year European asset-or-nothing put option on an equity index fund. The equity index fund is currently trading at 1000. It pays dividends continuously at a rate proportional to its price; the dividend yield is 2%. It has a volatility of 20%. The option’s payoff will be made only if the equity index fund is down by more than 40% at the end of one year. The continuously compounded risk-free interest rate is 2.5% Using the Black-Scholes model, determine the price of the asset-or-nothing put options. Give the answer in millions.",3.6,0.0005,False,,,,,[]
254,,"Consider a forward contract on a 4-year bond with maturity 1 year. The current value of the bond is $1018.86, it has a face value of $1000 and a coupon rate of 10% per annum. A coupon has just been paid on the bond and further coupons will be paid after 6 months and after 1 year, just prior to delivery. Interest rates for 1 year out are flat at 8%. Compute the forward price of the bond.",999.998976,1027.57,False,,,,,[]
258,,Given the following equation: x^4 - x - 10 = 0. determine the initial approximations for finding the smallest positive root. Use these to find the root correct to three decimal places with Secant method.,1.856,1.855,True,,,,,[]
259,,"While riding a multispeed bicycle, the rider can select the radius of the rear sprocket that is fixed to the rear axle. The front sprocket of a bicycle has radius 12.0 cm. If the angular speed of the front sprocket is 0.6 rev/s, what is the radius (in cm) of the rear sprocket for which the tangential speed of a point on the rim of the rear wheel will be 5 m/s? The rear wheel has radius 0.330 m.",2.99,6.36,False,,,,,[]
260,,"Under some circumstances, a star can collapse into an extremely dense object made mostly of neutrons and called a neutron star. The density of a neutron star is roughly $10^14$ times as great as that of ordinary solid matter. Suppose we represent the star as a uniform, solid, rigid sphere, both before and after the collapse. The star's initial radius was $7 \tims 10^5$ km (comparable to our sun); its final radius is 16 km. If the original star rotated once in 30 days, find the angular speed (in rad/s) of the neutron star.",4600.0,0.000727,False,,,,,[]
261,,"CheckMate forecasts that its dividend will grow at 20% per year for the next four years before settling down at a constant 8% forever. Dividend (current year,2016) = $12; expected rate of return = 15%. What is the fair value of the stock now?",273.0,222.48,False,,,,,[]
262,,Light of wavelength 400 nm is incident upon lithium (phi = 2.93 eV). Calculate the stopping potential in V.,0.17,0.17,True,,,,,[]
263,,"A spring is mounted horizontally, with its left end fixed. A spring balance attached to the free end and pulled toward the right indicates that the stretching force is proportional to the displacement, and a force of 6.0 N causes a displacement of 0.030 m. We replace the spring balance with a 0.50-kg glider, pull it 0.020 m to the right along a frictionless air track, and release it from rest. Find the period T of the resulting oscillation. (Unit: s)",0.31,1.0,False,,,,,[]
265,,"Coloring the edges of a complete graph with n vertices in 2 colors (red and blue), what is the smallest n that guarantees there is either a triangle in red or a 6-clique in blue?",18,18.0,True,,,,,[]
266,,determine the ratio of the radius of a uranium-238 nucleus to the radius of a helium-4 nucleus.,3.9,3.5,False,,,,,[]
267,,Find the sum of $\sum_{n=1}^{\infty} (cost(1/n^2) - cost(1/(n+1)^2))$,-0.459,1.0,False,,,,,[]
269,,"For a one-period binomial model for the price of a stock, you are given: (i) The period is one year. (ii) The stock pays no dividends. (iii) u =1.433, where u is one plus the rate of capital gain on the stock if the price goes up.  (iv) d = 0.756 , where d is one plus the rate of capital loss on the stock if the price goes down. (v) The continuously compounded annual expected return on the stock is 10%. What is the true probability of the stock price going up.",0.52,0.481,False,,,,,[]
270,,"For $p(x)=f(x)g(x)$, if $f(2)=3$, $f'(2)=-4$, $g(2)=1$, and $g'(2)=6$, what is $p'(2)$?",14,14.0,True,,,,,[]
272,,"An object 11cm tall is 9cm from a mirror. If the image distance is -3cm from the mirror, what is the image height in terms of cm?",3.67,-3.6666666666666665,False,,,,,[]
273,,"Find the volume of a solid bounded by the elliptical paraboloid $z=2x^2 + y^2 + 1$, the plane x+y=1, and the coordinate planes.",0.75,1.0,False,,,,,[]
275,,"Assuming we are underground, and the only thing we can observe is whether a person brings an umbrella or not. The weather could be either rain or sunny. Assuming the P(rain)=0.6 and P(sunny)=0.4. Assuming the weather on day $k$ is dependent on the weather on day $k-1$. We can write the transition probability as P(sunny $\mid$ sunny) = P(rain $\mid$ rain) = 0.7. The person has 60% chance to bring an umbrella when the weather is rain, and 40% chance to bring an umbrella when the weather is sunny, i.e. P(umbrella $\mid$ rain) = 0.6 and P(umbrella $\mid$ sunny) = 0.4. If we observe that the person (1) brought an umbrella on day 1, (2) did not bring an umbrella on day 2, (3) brought an umbrella on day 3.  What is the probability that day 2 is raining?",0.5167,0.3,False,,,,,[]
276,,"Find the solutions to the second order boundary-value problem. y''-2y'+2y=0, y(0)=0, y(\pi/2) = 1. What is y(\pi/4)?",0.322,0.7071067811865476,False,,,,,[]
278,,Use divergence therem to evaluate $\iint_S \vec{F} \cdot d \vec{S}$ where $\vec{F} = yx^2 \vec{i} + (xy^2 - 3z^4)\vec{j} + (x^3+y^3)\vec{k}$ and the surface $S$ consists of the sphere of radius 4 with $z \le 0$ and $y \le 0$. Note all three surfaces of this solid are included in $S$.,0.0,-2048.0,False,,,,,[]
279,,Consider a resistor made from a hollow cylinder of carbon as shown below. The inner radius of the cylinder is $R_i=0.2$mm and the outer radius is $R_o=0.3$mm. The length of the resistor is $L=0.9$mm. The resistivity of the carbon is $\rho=3.5 * 10^{-5} \Omega \cdot m$. What is the resistance in $\Omega \cdot m$?,2.5,0.00016666666666666666,False,,,,,[]
280,,"Use the Birge-Vieta method to find a real root correct to three decimals of the following equation: x^3 - 11x^2 + 32x - 22 = 0, p = 0.5",1,0.688,False,,,,,[]
281,,"A survey shows that a mayoral candidate is gaining votes at a rate of 2000t + 1000 votes per day, where t is the number of days since she announced her candidacy. How many supporters will the candidate have after 60 days, assuming that she had no supporters at t = 0?",3660000,3700000.0,False,,,,,[]
283,,Use the Trapezoidal Rule with to approximate $\int_0^{\pi} sin^2(x)dx$. Return the approximated demical value.,1.570796,1.5708,True,,,,,[]
284,,Let $a_0=5/2$ and $a_k=(a_{k-1})^2-2$ for $k\geq 1$. Compute $\prod_{k=0}^{\infty}(1-1/a_k)$ in closed form.,0.42857,1.0,False,,,,,[]
286,,Assume a temperature of 300 K and find the wavelength of the photon necessary to cause an electron to jump from the valence to the conduction band in silicon in nm.,1130.0,413.0,False,,,,,[]
287,,What is the order of the group S_3 * Z_2?,12,12.0,True,,,,,[]
288,,"Let's assume that the 10-year annual return for the S&P 500 (market portfolio) is 10%, while the average annual return on Treasury bills (a good proxy for the risk-free rate) is 5%. Whats the market Treynor Ratio? Return the numeric value between 0 and 1.",0.05,0.5,False,,,,,[]
290,,"Both A, B are n-by-n matrices with rank(A)=n, rank(A*B)=0. What is rank(B)?",0.0,0.0,True,,,,,[]
292,,"A door 1.00 m wide, of mass 15 kg, can rotate freely about a vertical axis through its hinges. A bullet with a mass of 10 g and a speed of 400 m/s strikes the center of the door, in a direction perpendicular to the plane of the door, and embeds itself there. Find the door's angular speed. (Unit: rad/s)",0.4,2.67,False,,,,,[]
293,,"Estimate the PE ratio for a firm that has the following characteristics:
Length of high growth = five years
Growth rate in first five years = 25%
Payout ratio in first five years = 20%
Growth rate after five years = 8%
Payout ratio after five years = 50%
Beta = 1.0 
Risk-free rate = T-bond rate = 6%
Cost of equity = 6% + 1(5.5%) = 11.5%
Risk premium = 5.5%
What is the estimated PE ratio for this firm?",28.75,20.83,False,,,,,[]
295,,"Mr. Jackson bought his house in 1995, and financed the loan for 30 years at an interest rate of 7.8%. His monthly payment was $1260. In 2015, Mr. Jackson decides to pay off the loan. Find the balance of the loan he still owes.",104761.48,122400.0,False,,,,,[]
296,,"Given 3 Colors whose RGB representations are given as follows: Color 1: (0.5, 0.5, 0.5), Color 2: (0.4, 0.6, 0.5), Color 3: (0.3, 0.7, 0.5), Which Color does not carry chrominance (Color) Information? Answer with 1 or 2 or 3.",1,1.0,True,,,,,[]
297,,"Calculate the interest rate (between 0 and 1) for an account that started with $5,000 and now has $13,000 and has been compounded annually for the past 12 years. Answer with the numeric value.",0.0828,0.081,False,,,,,[]
299,,In how many ways can a group of 10 people be divided into 3 non-empty subsets?,9330,9330.0,True,,,,,[]
300,,"Suppose Host A wants to send a large file to Host B. The path from Host A to Host B has three links, of rates R1 = 500 kbps, R2 = 2 Mbps, and R3 = Mbps. Assuming no other traffic in the network, what is the throughput for the file transfer? (in kbps)",500,500.0,True,,,,,[]
301,,The asteroid Pallas has an orbital period of 4.62 years and an orbital eccentricity of 0.233. Find the semi-major axis of its orbit. (Unit: 10^11 m),4.15,2.77,False,,,,,[]
302,,A cylindrical tank of height 4 m and radius 1 m is filled with water. Water drains through a square hole of side 2 cm in the bottom. How long does it take for the tank to go from full to empty?,7142,314.159,False,,,,,[]
303,,"For a simple random walk S_n with S_0=0 and P(S_n-S_{n-1}=1)=1/4, P(S_n-S_{n-1}=-1)=3/4. Let M=\max{S_n:n\geq 0}. What is the probability of the event {M\geq 5}? Round the answer to the thousands decimal.",0.01234567,0.015,False,,,,,[]
304,,"In year N, the 300th day of the year is a Tuesday. In year N + 1, the 200th day is also a Tuesday. Suppose Monday is the 1-th day of the week, on which day of the week did the 100th day of the year N - 1 occur? Return a numeric between 1 and 7.",4,5.0,False,,,,,[]
305,,Use the Runge-Kutta method with $h=0.1$ to find approximate values for the solution of the initial value problem $y' + 2y = x^3e^{-2x}$ with y(0)=1 at $x=0.2$.,0.6705,0.829,False,,,,,[]
307,,"Consider a periodic signal $x(t)$ with period $(T)$ equals to ten. Over one period (i.e., $-5 \leq t<5)$, it is defined as $$ x(t)=\left\{\begin{array}{cc} 2 & -5 \leq t<0 \\ -2 & 0 \leq t<5 \end{array}\right. $$ In Fourier series, the signal $x(t)$ is written in the form of $$ x(t)=\sum_{k=-\infty}^{\infty} c_k e^{\frac{j 2 \pi k t}{T}} $$ where the Fourier series coefficient $c_k$ is obtained as, $$ c_k=\frac{1}{T} \int_{-\frac{T}{2}}^{\frac{T}{2}} x(t) e^{-\frac{j 2 \pi k t}{T}} d t $$ Determine the value of $c_0$ (i.e., $\left.k=0\right)$",0,0.0,True,,,,,[]
308,,Does the following series $\sum_{i=0}^{\infty} \frac{n^2 ln(n)}{n!}$ converge?,1.0,1.0,True,,,,,[]
311,,What is \int_{-3}^1 (7x^2 + x +1)dx?,65.333,64.0,False,,,,,[]
312,,"Find the mass and weight of the air at $20^{\circ} C$ in a living room with a $4.0 m \times 5.0 m$ floor and a ceiling 3.0 m high, and the mass and weight of an equal volume of water. (Unit: 10 ^ 5 N)",5.9,1.2,False,,,,,[]
313,,"Compute the mean translational kinetic energy of a mole of ideal gas in J, both at room temperature 293 K.",3650.0,3650.5,True,,,,,[]
314,,"Let $F_0(x)=log(x)$. For $n\geq 0$ and $x>0$, let $F_{n+1}(x)=\int_0^x F_n(t)dt$. Evaluate $\lim _{n \rightarrow \infty} (n! F_n(1))/(log(n))$.",-1.0,1.0,False,,,,,[]
315,,How many trees are there on n (n > 1) labeled vertices with no vertices of degree 1 or 2?,0,0.0,True,,,,,[]
316,,What is the order of the element 5 in U_8?,2,2.0,True,,,,,[]
317,,Roughly how many bits are required on the average to describe to 3 digit accuracy the decay time (in years) of a radium atom if the half-life of radium is 80 years? Note that half-life is the median of the distribution.,19,10.0,False,,,,,[]
321,,The spontaneous fission activity rate of U-238 is 6.7 fissions/kg s. A sample of shale contains 0.055% U-238 by weight. Calculate the number of spontaneous fissions in one day in a 106-kg pile of the shale by determining the mass of U-238 present in kg.,550.0,0.421,False,,,,,[]
322,,Calculate the Fermi temperature for copper in eV.,81600.0,7.0,False,,,,,[]
323,,"Use Stoke's Theorem to evaluate $\int_C \vec{F} \cdot d \vec{r}$ where $\vec{F} = z^2 \vec{i} + y^2 \vec{j} + x \vec{k}$ and $C$ is the triangle with vertices (1,0,0), (0,1,0) and (0,0,1) with counter-clockwise rotation.",-0.166,0.0,False,,,,,[]
325,,"Malus' law: $I=I_0*cos^2($\theta$)$. Where I is the intensity of polarized light that has passed through the polarizer, I_0 is the intensity of polarized light before the polarizer, and $\theta$ is the angle between the polarized light and the polarizer. Unpolarized light passes through a polarizer. It then passes through another polarizer at angle 30 degree to the first, and then another at angle 50 degree to the second. What percentage of the original intensity was the light coming out of the third polarizer?",31.0,16.875,False,,,,,[]
326,,"An airplane is flying at Mach 1.75 at an altitude of 8000 m, where the speed of sound is How long after the plane passes directly overhead will you hear the sonic boom? (Unit: m/s)",560,23.529411764705884,False,,,,,[]
328,,"If the spot rates for 1 and 2 years are $s_1=6.3%$ and $s_2=6.9%, what is the forward rate $f_{1,2}$?",0.075,7.5,False,,,,,[]
329,,"For a parametric family $\{p_\theta(x)\}$ we know that $\lim_{\theta'\to\theta}\frac{1}{(\theta-\theta')^2}D(p_\theta||p_{\theta'}) = \alpha J(\theta)$, where $J(\theta)$ is the Fisher information. Use natural logarithm for KL divergence to compute $\alpha$.",0.5,0.5,True,,,,,[]
330,,A muon has a lifetime of 2 x 10^{-6} s in its rest frame. It is created 100 km above the earth and moves towards it at a speed of 2.97 x 10^8 m/s. At what altitude in km does it decay? Return a numeric number.,4.2,9.1,False,,,,,[]
331,,"Suppose C[0,1] denotes the space of all the continuous functions on the interval [0,1]. Is (C[0,1],\|\cdot\|_1 ) a Banach space? Here $\|f(x)\|_1=\int_0^1 |f(t)|dt$ with $f\in C[0,1]$. Answer 1 for yes and 0 for no.",0.0,0.0,True,,,,,[]
332,,"An athlete whirls a discus in a circle of radius 80.0 cm. At a certain instant, the athlete is rotating at 10.0 rad / s and the angular speed is increasing at 50.0 rad / s^2. At this instant, find the magnitude (Unit: m / s^2) of the acceleration. Return the numeric value.",89.4,404.0,False,,,,,[]
333,,"The positive integers N and N^2 both end in the same sequence of four digits abcd when written in base 10, where digit a is nonzero. Find the three-digit number abc.",937,376.0,False,,,,,[]
334,,Calculate the required memory size in Mebibytes (MiB) (in 3 sig.fig.)  for storing a frame in 1080p if the sampling scheme R'G'B' 4:4:4 is used. Note that there are 1920 × 1080 pixels in one 1080p frame. Each pixel contains three primary-colour components. Each primary-colour component requires 1 byte of memory for storage. 1 Mebibyte has 1024^2 bytes.,5.93,5.93,True,,,,,[]
335,,What is the value of the series $\sum_{k=1}^{\infty} \frac{(-1)^{k-1}}{k} \sum_{n=0}^{\infty} \frac{1}{k 2^n+1}$?,1.0,0.0,False,,,,,[]
336,,"The equation of a digital filter is given by $y(n)=1 / 3(x(n)+x(n-1)+x(n-2))$, where $y(n)$ and $x(n)$ are, respectively, the nth samples of the output and input signals. Determine the pole(s) of the filter.",0,0.0,True,,,,,[]
337,,"Given the following spot rates:
1-year spot rate: 5%;
2-year spot rate: 6%.
 Determine the one-year forward rate (between 0 and 1) one year from today.",0.070095,7.010000000000002,False,,,,,[]
338,,An object of height 5cm is placed 10 cm in front of a convex mirror that has a radius of curvature of 45.0 cm. Determine the magnification of the image.,1.8,0.31,False,,,,,[]
339,,"For the 3 payments of $1000 each end-of-year, with 7% rate of return, what is the present value if the first payment is made at the end of fifth year?",2002.0781,2132.93,False,,,,,[]
340,,Does the following series $\sum_{i=0}^{\infty} \frac{n!}{n^2 cos(n)}$ converge?,0.0,0.0,True,,,,,[]
343,,\lim_{x \to c} |f(x)| = 0. What is \lim_{x \to c} f(x)?,0,0.0,True,,,,,[]
344,,"In how many ways can we form a 7-digit number using the digits 1, 2, 2, 3, 3, 3, 4?",420,420.0,True,,,,,[]
345,,"Let {N(t), t=[0, \infty]} be a Poisson process with rate $\lambda = 5$. Find the probability of no arrivals in [3, 5)",0.37,0.1353,False,,,,,[]
346,,The Relativistic Heavy Ion Collider (RHIC) at the Brookhaven National Laboratory collides gold ions onto other gold ions head on. The energy of the gold ions is 100 GeV per nucleon. What is the speed of the gold ions as a fraction of the speed of light?,0.99996,0.9997,True,,,,,[]
348,,In how many ways can 7 people be seated at 5 identical round tables? Each table must have at least 1 person seated.,175,140.0,False,,,,,[]
349,,What is the minimum kinetic energy in MeV of a proton in a medium-sized nucleus having a diameter of 8.0 x 10^-15 m?,0.08,19.8,False,,,,,[]
350,,"Given that each cone can contain two ice cream balls, how many different ice cream cones can you make if you have 6 flavors of ice cream and 5 types of cones?",180,105.0,False,,,,,[]
352,,Calculate the de Broglie Wavelength of a tennis ball of mass 57 g traveling 25 m/s in meters.,4.7e-34,4.63e-34,False,,,,,[]
353,,"If the peak voltage value of a signal is 20 times the peak voltage value of the noise, what is the SNR? What is the $\mathrm{SNR}_{\mathrm{dB}}$ (in 3 sig.fig.)?",26.0,26.0,True,,,,,[]
354,,Using n=6 approximate the value of $\int_{-1}^2 \sqrt{e^{-x^2} + 1} dx$ using the Simpson's rule.,3.70358145,4.242,False,,,,,[]
355,,What is the smallest number of vertices in a graph that guarantees the existence of a clique of size 3 or an independent set of size 2?,3,3.0,True,,,,,[]
356,,"Find the number of integers n, 1 ≤ n ≤ 25 such that n^2 + 3n + 2 is divisible by 6.",13,8.0,False,,,,,[]
357,,"Suppose Host A wants to send a large file to Host B. The path from Host A to Host B has three links, of rates R1 = 500 kbps, R2 = 2 Mbps, and R3 = Mbps. Suppose the file is 4 million bytes. Dividing the file size by the throughput, roughly how many seconds will it take to transfer the file to Host B?",64,64.0,True,,,,,[]
358,,"Coloring the edges of a complete graph with n vertices in 2 colors (red and blue), what is the smallest n that guarantees there is either a 4-clique in red or a 4-clique in blue?",18,18.0,True,,,,,[]
359,,"All walking animals, including humans, have a natural walking pace—a number of steps per minute that is more comfortable than a faster or slower pace. Suppose that this pace corresponds to the oscillation of the leg as a physical pendulum.  Fossil evidence shows that T. rex, a two-legged dinosaur that lived about 65 million years ago, had a leg length L = 3.1 m and a stride length S = 4.0 m (the distance from one footprint to the next print of the same foot).  Estimate the walking speed of T. rex. (Unit: m/s)",1.4,1.25,False,,,,,[]
